Name,Gender
Liam,Boy
Noah,Boy
Oliver,Boy
Elijah,Boy
James,Boy
William,Boy
Benjamin,Boy
Lucas,Boy
Henry,Boy
Alexander,Boy
Ethan,Boy
Jackson,Boy
Aiden,Boy
Samuel,Boy
Sebastian,Boy
David,Boy
Joseph,Boy
Daniel,Boy
Mateo,Boy
Michael,Boy
Olivia,Girl
Emma,Girl
Ava,Girl
Charlotte,Girl
Sophia,Girl
Amelia,Girl
Isabella,Girl
Mia,Girl
Evelyn,Girl
Harper,Girl
Camila,Girl
Gianna,Girl
Abigail,Girl
Luna,Girl
Ella,Girl
Aria,Girl
Scarlett,Girl
Chloe,Girl
Grace,Girl
Nora,Girl
Avery,Unisex
Riley,Unisex
Jordan,Unisex
Taylor,Unisex
Morgan,Unisex
Alex,Unisex
Casey,Unisex
Quinn,Unisex
Skyler,Unisex
Hayden,Unisex
Peyton,Unisex
Cameron,Unisex
Bailey,Unisex
Charlie,Unisex
Rowan,Unisex
Finley,Unisex
Dakota,Unisex
Jamie,Unisex
Reese,Unisex
Blake,Unisex
